,cutoff1,cutoff2,double,single
0,-1.64485363,1.64485363,0.0001018,0.0006094000000000001
0,-0.0,0.0,0.10819549999999999,0.2834497
0,-4.1264895,1.4838773,0.0,0.0
0,-1.84257407,4.66747147,0.0,0.0002054000000000001
0,-12.72528877,2.47306889,0.0,0.0
0,-2.07904207,67.78431373,0.0,4.02e-05
0,-1.88720012,5.38918601,0.0,0.00015340000000000002
0,-0.04664165,67.78431373,0.0,0.35531440000000003
0,-1.76699381,2.81820812,0.0,0.0003494
0,2.34680053,6.0803495000000005,0.0,1.962075
0,-1.99649077,386911764.7058925,0.0,7.46e-05
0,-449999999.99997777,0.94643448,0.0,0.0
0,-5.39841247,386911764.7058925,0.0,0.0
0,-1.82737085,3.66699971,0.0,0.00022799999999999999
0,0.27302908,386911764.7058925,0.0,0.639838
0,-1.77551377,3.66699971,0.0,0.0003188
0,0.62396563,386911764.7058925,0.0,1.0091464
0,-1.89755482,41.99019608,0.0,0.00014780000000000001
0,-1.81540573,72.69747899,0.0,0.0002478
0,-1.05984255,386911764.7058925,0.0,0.013992600000000001
0,-1.89736389,7.40147494,0.0,0.0001498
0,-3.7633137000000003,50.58823529,0.0,0.0
0,-3.65278345,386911764.7058925,0.0,0.0
0,-1.81293143,50.58823529,0.0,0.0002434
0,-10.21828074,4.45422263,0.0,0.0
0,-1.78786415,386911764.7058925,0.0,0.0003122
0,-0.47772192,386911764.7058925,0.0,0.1180942
0,-1.89231161,18.42766035,0.0,0.00015419999999999998
0,-1.51918305,386911764.7058925,0.0,0.0014258
0,-1.85781913,12.57585139,0.0,0.00018140000000000002
0,-1.95720894,386911764.7058925,0.0,9.76e-05
0,-1.92915771,3.27800772,0.0,0.0001226
0,-0.15178162,386911764.7058925,0.0,0.28133220000000003
0,0.00355653,386911764.7058925,0.0,0.39441479999999995
0,-1.98820121,4.45422263,0.0,7.8e-05
0,-1.85714286,6.33444379,0.0,0.0001968
0,-1.01654893,386911764.7058925,0.0,0.0168454
0,0.42197661,514.88235294,0.0,0.7932345999999999
0,-1.9819469,9.28185862,0.0,8.94e-05
0,-1.98828669,386911764.7058925,0.0,7.979999999999999e-05
0,-2.31016728,3.48275259,0.0,9.6e-06
0,9.06685187,12.64484771,0.0,2.0
0,-6.2836137,2.47825159,0.0,0.0
0,2.51794257,12.64484771,0.0,1.9764228
0,-1.96652739,2.47825159,7e-07,8.809999999999999e-05
0,1.77832071,386911764.7058925,0.0,1.8498104
0,-1.76046165,24.64035159,0.0,0.00035039999999999995
0,-1.3383573999999998,386911764.7058925,0.0,0.00374
0,-1.29398947,24.64035159,0.0,0.004652600000000001
0,-2.49923951,6.65400423,0.0,1.4e-06
0,-1.33130009,9.66021943,0.0,0.0039434
0,-1.73160161,7.79806283,0.0,0.00041239999999999994
0,-3.04564251,9.66021943,0.0,0.0
0,-2.1978838,2062.52941173,0.0,1.82e-05
0,-2.7328608,2.21251756,0.0,2e-07
0,-0.2360208,5.87118556,0.0,0.2298922
0,-1.80508544,386911764.7058925,0.0,0.0002742
0,-1.99991947,34.29796591,0.0,7.5e-05
0,0.07189781,386911764.7058925,0.0,0.4516466
0,-21.73268174,5.23429452,0.0,0.0
0,-5.14789412,2.01609337,0.0,0.0
0,2.09412393,9.73476427,0.0,1.9274036
0,-1.81986994,23.63995851,0.0,0.0002356
0,-0.85955828,386911764.7058925,0.0,0.0318914
0,-1.10632038,386911764.7058925,0.0,0.0113914
0,-1.65149777,12.57585139,0.0,0.0006617999999999999
0,-1.91469104,9.45381859,0.0,0.0001298
0,0.67440926,102.17647059,0.0,1.062344
0,-2.00087152,9.45381859,0.0,7.52e-05
0,1.83151502,386911764.7058925,0.0,1.866168
0,2.34680053,6.0803495000000005,0.0,1.9622212
0,-1.9819468999999996,9.28185862,0.0,8.88e-05
0,-1.3383573999999998,386911764.7058925,0.0,0.0038044
0,-2.7328607999999996,2.21251756,0.0,0.0
0,2.34680053,6.0803495000000005,0.0,1.9623202
0,-1.3383573999999998,386911764.7058925,0.0,0.0037324
0,2.34680053,6.0803495000000005,0.0,1.9622198
0,-1.3383573999999998,386911764.7058925,0.0,0.0037595999999999997
0,-6.76936731,386911764.7058925,0.0,0.0
0,-16.93309569,16.01232237,0.0,0.0
0,-7.17373292,3.88486234,0.0,0.0
0,-3.2217252,7.39986053,0.0,0.0
0,-3.23501352,5.81898893,0.0,0.0
0,-0.51157673,7.39986053,0.0,0.1068136
0,-0.34061013,5.81898893,0.0,0.1750938
0,-1.73712829,4.68359476,0.0,0.00041160000000000003
0,-1.8950348,2.16734238,5.3e-06,0.00015230000000000002
0,4.28595958,386911764.7058925,0.0,1.9999630000000002
0,-1.7221321,386911764.7058925,0.0,0.0004394
0,-1.83532587,33.75981018,0.0,0.0002318
0,28.05191561,386911764.7058925,0.0,2.0
0,-1.69230769,5.47526629,0.0,0.0005312
0,-1.71607605,386911764.7058925,0.0,0.0004718
0,-1.83076519,27.13903743,0.0,0.00021719999999999997
0,2.34680053,6.0803495000000005,0.0,1.962249
0,-1.3383573999999998,386911764.7058925,0.0,0.0037522
0,2.34680053,6.0803495000000005,0.0,1.962111
0,-1.3383573999999998,386911764.7058925,0.0,0.0037482
0,2.34680053,6.0803495000000005,0.0,1.9620966
0,-1.3383573999999998,386911764.7058925,0.0,0.0037821999999999995
0,2.34680053,6.0803495000000005,0.0,1.9621008
0,-1.3383573999999998,386911764.7058925,0.0,0.0037614000000000002
0,2.34680053,6.0803495000000005,0.0,1.96198
0,-1.3383573999999998,386911764.7058925,0.0,0.0038052
0,2.34680053,6.0803495000000005,0.0,1.9620886
0,-1.3383573999999998,386911764.7058925,0.0,0.0037784
0,2.34680053,6.0803495000000005,0.0,1.9621576
0,-1.3383573999999998,386911764.7058925,0.0,0.003796
0,2.34680053,6.0803495000000005,0.0,1.9622588
0,-1.3383573999999998,386911764.7058925,0.0,0.0037501999999999995
0,2.34680053,6.0803495000000005,0.0,1.9621792
0,-1.3383573999999998,386911764.7058925,0.0,0.003749
0,2.34680053,6.0803495000000005,0.0,1.9622444
0,-1.3383573999999998,386911764.7058925,0.0,0.0037324
0,2.34680053,6.0803495000000005,0.0,1.9620834
0,-1.3383573999999998,386911764.7058925,0.0,0.0037194000000000003
0,2.34680053,6.0803495000000005,0.0,1.9622102
0,-1.3383573999999998,386911764.7058925,0.0,0.0037546
0,-4.12648949,1.4838773,0.0,0.0
0,-1.84257406,4.66747147,0.0,0.0001966
0,-2.07904207,67.78431361,0.0,4.120000000000001e-05
0,-0.04664165,67.78431361,0.0,0.3558054
0,2.34680053,6.0803495000000005,0.0,1.961946
0,-1.99649077,386892420.56845534,0.0,7.46e-05
0,-449955006.74885297,0.94643448,0.0,0.0
0,-5.39841246,386892420.56845534,0.0,0.0
0,0.27302908,386892420.56845534,0.0,0.6394076
0,0.62396563,386892420.56845534,0.0,1.0091934
0,-1.89755482,41.99019603,0.0,0.000143
0,-1.81540573,72.69747885,0.0,0.00026319999999999995
0,-1.05984255,386892420.56845534,0.0,0.0139448
0,-3.7633137000000003,50.58823523,0.0,0.0
0,-3.65278345,386892420.56845534,0.0,0.0
0,-1.81293143,50.58823523,0.0,0.0002556
0,-1.78786415,386892420.56845534,0.0,0.0002918
0,-0.47772192,386892420.56845534,0.0,0.11835539999999999
0,-1.89231161,18.42766034,0.0,0.00015
0,-1.51918305,386892420.56845534,0.0,0.001485
0,-1.95720894,386892420.56845534,0.0,0.0001054
0,-0.15178162,386892420.56845534,0.0,0.2818226
0,0.00355653,386892420.56845534,0.0,0.3948132
0,-1.01654893,386892420.56845534,0.0,0.016953599999999996
0,0.42197661,514.88234608,0.0,0.7926134
0,-1.9819468999999996,9.28185861,0.0,7.840000000000001e-05
0,-1.98828669,386892420.56845534,0.0,8.14e-05
0,1.77832071,386892420.56845534,0.0,1.8495511999999998
0,-1.76046165,24.64035157,0.0,0.00035360000000000003
0,-1.3383573999999998,386892420.56845534,0.0,0.0037664
0,-1.29398947,24.64035157,0.0,0.0046674
0,-2.1978838,2062.52930173,0.0,2e-05
0,-1.80508544,386892420.56845534,0.0,0.000273
0,-1.99991947,34.29796588,0.0,7.26e-05
0,0.07189781,386892420.56845534,0.0,0.4516882
0,-21.73268172,5.23429452,0.0,0.0
0,-5.14789412,2.01609336,0.0,0.0
0,2.09412393,9.73476426,0.0,1.9273580000000001
0,-1.81986994,23.63995849,0.0,0.0002454
0,-0.85955828,386892420.56845534,0.0,0.0317544
0,-1.10632038,386892420.56845534,0.0,0.011362
0,0.67440926,102.17647032,0.0,1.0632778
0,1.83151502,386892420.56845534,0.0,1.8659386
0,-6.76936731,386892420.56845534,0.0,0.0
0,-16.93309568,16.01232236,0.0,0.0
0,-7.17373291,3.88486234,0.0,0.0
0,-3.22172519,7.39986052,0.0,0.0
0,-0.51157673,7.39986052,0.0,0.1066238
0,-1.73712829,4.68359475,0.0,0.000414
0,-1.89503479,2.16734238,6.1e-06,0.0001437
0,4.28595958,386892420.56845534,0.0,1.9999648
0,-1.7221321,386892420.56845534,0.0,0.0004276
0,-1.83532587,33.75981015,0.0,0.0002296
0,28.05191558,386892420.56845534,0.0,2.0
0,-1.69230769,5.47526628,0.0,0.000528
0,-1.71607605,386892420.56845534,0.0,0.0004576000000000001
0,-1.83076519,27.13903741,0.0,0.0002366
0,-1.91171333,1.94110296,1.4800000000000002e-05,0.0001182
0,-31.45404808,-3.27800772,0.0,0.0
0,-9.87062301,2.68796486,0.0,0.0
0,-44.5591049,-9.49089876,0.0,0.0
0,-1.95813279,2.68796486,3e-07,9.75e-05
0,-15.44393416,-18.42766034,0.0,0.0
0,-7.34815061,-2.31137725,0.0,0.0
0,-4.51347699,3.90963326,0.0,0.0
0,-3.69397881,-4.68359475,0.0,0.0
0,-2.36223189,2.18061544,1.7e-06,3.9e-06
0,-449955006.74885297,-16.01232236,0.0,0.0
0,-3.42947012,63085081.11888178,0.0,0.0
0,-233.59506311,-16.01232236,0.0,0.0
0,-3.42947012,30.80571386,0.0,0.0
0,-6.8514460999999995,-0.53984906,0.0,0.0
0,-3.70697723,5.72985878,0.0,0.0
0,-7.84503787,-5.47526628,0.0,0.0
0,-5.67082134,30.80571386,0.0,0.0
0,2.34680053,6.0803495000000005,0.0,1.9620912
0,-1.9819469,9.28185861,0.0,9.06e-05
0,-1.3383573999999998,386892420.56845534,0.0,0.0037705999999999994
0,2.34680053,6.0803495000000005,0.0,1.962087
0,-1.3383573999999998,386892420.56845534,0.0,0.0037501999999999995
0,-6.8514461,-0.53984906,0.0,0.0
0,2.34680053,6.0803495000000005,0.0,1.9621709999999999
0,-3.7633137,50.58823529,0.0,0.0
0,-1.3383573999999998,386911764.7058925,0.0,0.0037778
0,2.34680053,6.0803495000000005,0.0,1.962136
0,-1.3383573999999998,386911764.7058925,0.0,0.0037240000000000003
0,2.34680053,6.0803495000000005,0.0,1.962074
0,-1.3383573999999998,386911764.7058925,0.0,0.003693
0,2.34680053,6.0803495000000005,0.0,1.9621208
0,-1.3383573999999998,386911764.7058925,0.0,0.0037143999999999996
0,2.34680053,6.0803495000000005,0.0,1.9620572
0,-1.3383573999999998,386892420.56845534,0.0,0.0037736
0,2.34680053,6.0803495000000005,0.0,1.9621904
0,-1.3383573999999998,386892420.56845534,0.0,0.003771800000000001
0,2.34680053,6.0803495000000005,0.0,1.9620976000000003
0,-1.3383573999999998,386892420.56845534,0.0,0.0037695999999999997
0,2.34680053,6.0803495000000005,0.0,1.9620146
0,-1.3383573999999998,386892420.56845534,0.0,0.0037305999999999997
0,2.34680053,6.0803495000000005,0.0,1.9620636
0,-1.3383573999999998,386892420.56845534,0.0,0.00374
0,2.34680053,6.0803495000000005,0.0,1.9621104
0,-1.3383573999999998,386892420.56845534,0.0,0.0037985999999999996
0,2.34680053,6.0803495000000005,0.0,1.962125
0,-1.3383573999999998,386892420.56845534,0.0,0.0037762
0,2.34680053,6.0803495000000005,0.0,1.9621952
0,-1.3383573999999998,386892420.56845534,0.0,0.0037143999999999996
0,2.34680053,6.0803495000000005,0.0,1.9622206
0,-1.3383573999999998,386892420.56845534,0.0,0.003721
0,2.34680053,6.0803495000000005,0.0,1.9621762
0,-1.3383573999999998,386911764.7058925,0.0,0.0037488
0,2.34680053,6.0803495000000005,0.0,1.9621706
0,-1.3383573999999998,386892420.56845534,0.0,0.0037444
0,2.34680053,6.0803495000000005,0.0,1.9620856
0,-1.3383573999999998,386892420.56845534,0.0,0.0037056
0,2.34680053,6.0803495000000005,0.0,1.9621302
0,-1.3383573999999998,386892420.56845534,0.0,0.0037548
0,2.34680053,6.0803495000000005,0.0,1.962183
0,-1.3383573999999998,386892420.56845534,0.0,0.0037576000000000003
0,2.34680053,6.0803495000000005,0.0,1.9621508
0,-1.3383573999999998,386892420.56845534,0.0,0.003773
0,2.34680053,6.0803495000000005,0.0,1.9621362
0,2.34680053,6.0803495000000005,0.0,1.9620718000000001
0,-3.7633137,50.58823523,0.0,0.0
0,-1.3383573999999998,386892420.56845534,0.0,0.0037878
0,2.34680053,6.0803495000000005,0.0,1.9621914
0,-1.3383573999999998,386892420.56845534,0.0,0.0037688
0,2.34680053,6.0803495000000005,0.0,1.9620856
0,-1.3383573999999998,386892420.56845534,0.0,0.0037884
0,2.34680053,6.0803495000000005,0.0,1.9621106
0,-1.3383573999999998,386892420.56845534,0.0,0.003747400000000001
0,2.34680053,6.0803495000000005,0.0,1.962151
0,-1.3383573999999998,386892420.56845534,0.0,0.0037890000000000003
0,2.34680053,6.0803495000000005,0.0,1.9621224
0,-1.3383573999999998,386892420.56845534,0.0,0.0037854
0,2.34680053,6.0803495000000005,0.0,1.9621834
0,-1.3383573999999998,386892420.56845534,0.0,0.0037478000000000003
0,2.34680053,6.0803495000000005,0.0,1.9621152
0,-1.3383573999999998,386892420.56845534,0.0,0.0037372
0,2.34680053,6.0803495000000005,0.0,1.9620688
0,-1.3383573999999998,386892420.56845534,0.0,0.0037804
0,2.34680053,6.0803495000000005,0.0,1.9621216
0,2.34680053,6.0803495000000005,0.0,1.9620248
0,-1.3383573999999998,386892420.56845534,0.0,0.003771800000000001
0,2.34680053,6.0803495000000005,0.0,1.9623144000000001
0,-1.3383573999999998,386892420.56845534,0.0,0.003751
0,2.34680053,6.0803495000000005,0.0,1.9621488
0,-1.3383573999999998,386892420.56845534,0.0,0.0037922
0,2.34680053,6.0803495000000005,0.0,1.962261
0,-1.3383573999999998,386892420.56845534,0.0,0.0037514
0,2.34680053,6.0803495000000005,0.0,1.9620788
0,-1.3383573999999998,386892420.56845534,0.0,0.0037736
0,-1.69539771,1.69539771,7.340000000000001e-05,0.0004616000000000001
0,2.34680053,6.0803495000000005,0.0,1.962105
0,-1.3383573999999998,386892420.56845534,0.0,0.0037244
0,2.34680053,6.0803495000000005,0.0,1.9620016
0,-1.3383573999999998,386892420.56845534,0.0,0.003709000000000001
0,2.34680053,6.0803495000000005,0.0,1.962005
0,-1.3383573999999998,386892420.56845534,0.0,0.0038009999999999997
0,2.34680053,6.0803495000000005,0.0,1.9623292
0,-1.3383573999999998,386892420.56845534,0.0,0.0038122
0,2.34680053,6.0803495000000005,0.0,1.9620852
0,-1.3383573999999998,386892420.56845534,0.0,0.003782
0,2.34680053,6.0803495000000005,0.0,1.9621536
0,-1.3383573999999998,386892420.56845534,0.0,0.003771800000000001
0,-4.01326492,1.48496846,0.0,0.0
0,-1.82407574,5.04030513,0.0,0.000242
0,-7.21347067,2.76696584,0.0,0.0
0,-2.06233137,139.93631089,0.0,4.66e-05
0,-1.77329796,8.71788285,0.0,0.00031919999999999995
0,-0.4833496,139.93631089,0.0,0.1164388
0,-1.79686384,2.84276388,0.0,0.0002768
0,2.69489626,7.74038328,0.0,1.9859229999999999
0,-1.98762182,75938672.03272642,0.0,7e-05
0,-100000000.0,0.91532129,0.0,0.0
0,-5.62161194,75938672.03272642,0.0,0.0
0,-1.70331343,5.37338955,0.0,0.000513
0,-0.12482854,75938672.03272642,0.0,0.299266
0,-1.91455525,87.96809188,0.0,0.0001294
0,-1.84513782,153.23304422,0.0,0.00020180000000000005
0,-0.92487462,75938672.03272642,0.0,0.024512799999999998
0,-1.72679856,7.87876581,0.0,0.0004412
0,-2.1990279,106.32595188,0.0,1.6e-05
0,-2.16870346,75938672.03272642,0.0,2.28e-05
0,-1.12854962,106.32595188,0.0,0.010254799999999998
0,-6.29104392,5.16780857,0.0,0.0
0,-1.75738656,75938672.03272642,0.0,0.0003594
0,-0.57758379,75938672.03272642,0.0,0.086578
0,-1.80750708,35.67503035,0.0,0.0002656
0,-1.91332575,75938672.03272642,0.0,0.0001322
0,-1.8206883000000005,4.03224669,0.0,0.0002556
0,0.0634226,75938672.03272642,0.0,0.4439444
0,0.11209694,75938672.03272642,0.0,0.4866772
0,-1.96300404,5.16780857,0.0,9.62e-05
0,0.04086081,1084.21040138,0.0,0.4250286
0,-1.95541568,11.41156773,0.0,9.7e-05
0,-1.96531161,75938672.03272642,0.0,9.54e-05
0,-1.97516189,3.81158184,0.0,8.66e-05
0,9.166734300000002,23.68426192,0.0,2.0
0,-7.35114419,3.36434417,0.0,0.0
0,3.87622847,23.68426192,0.0,1.9997858
0,-1.9145084,3.36434417,0.0,0.00013240000000000002
0,2.66500822,75938672.03272642,0.0,1.9847113999999997
0,-2.28924824,16.34231637,0.0,8.400000000000001e-06
0,-1.94388517,4340.7799921999995,0.0,0.00010400000000000001
0,-2.32606857,2.86391934,0.0,7.8e-06
0,-0.21951857,8.56866146,0.0,0.2393736
0,-1.82066367,75938672.03272642,0.0,0.0002354
0,-1.99980871,57.77295326,0.0,7.099999999999999e-05
0,0.14528697,75938672.03272642,0.0,0.5163236
0,-12.15803462,5.73430167,0.0,0.0
0,-5.25249509,2.16053679,0.0,0.0
0,2.08880431,17.99331781,0.0,1.9265088
0,-1.77666994,49.04380633,0.0,0.00032260000000000004
0,-0.88547684,75938672.03272642,0.0,0.028666399999999998
0,-1.85463319,13.09795166,0.0,0.0001884
0,0.56907798,210.40446633,0.0,0.9502714
0,-1.89029385,13.09795166,0.0,0.00015759999999999998
0,2.34223965,75938672.03272642,0.0,1.9616533999999999
0,-0.23555229,13.09795166,0.0,0.2296956
0,-4.70788947,1.81311233,0.0,0.0
0,-6.22013097,75938672.03272642,0.0,0.0
0,-10.66884038,29.08236471,0.0,0.0
0,-9.79770493,4.323413,0.0,0.0
0,-3.26009574,12.48068121,0.0,0.0
0,-3.07646383,8.07427598,0.0,0.0
0,-0.44968833,12.48068121,0.0,0.1284804
0,-0.19934366,8.07427598,0.0,0.2514002
0,-1.77359377,5.48900954,0.0,0.0003286
0,-1.87695814,3.03887425,0.0,0.00016319999999999998
0,4.63100198,75938672.03272642,0.0,1.9999924
0,-1.90662321,1.91295831,1.73e-05,0.0001229
0,-27.314308899999997,-4.03224669,0.0,0.0
0,-9.9439274,-3.07330075,0.0,0.0
0,-1.74886174,2.33960364,2.7000000000000004e-06,0.0003709
0,-8.461275,2.6234656000000003,0.0,0.0
0,-24.04625209,-16.36300248,0.0,0.0
0,-2.06964232,2.6234656000000003,3e-07,5.17e-05
0,-19.44295947,-35.67503035,0.0,0.0
0,-8.01201487,-2.4135977000000004,0.0,0.0
0,-4.851594599999999,3.83136119,0.0,0.0
0,-5.86286711,-5.48900954,0.0,0.0
0,-2.88746076,2.19789958,0.0,2e-07
0,-100000000.0,-29.08236471,0.0,0.0
0,-3.09374694,24061327.96727356,0.0,0.0
0,-132.03790593,-29.08236471,0.0,0.0
0,-3.09374694,30.05335278,0.0,0.0
0,-8.08018786,-0.52142452,0.0,0.0
0,-4.025440799999998,5.77442353,0.0,0.0
0,-18.46321039,-5.77332696,0.0,0.0
0,-10.16152478,30.05335278,0.0,0.0
0,2.34680053,6.0803495000000005,0.0,1.9620722
0,-1.3383573999999998,386911764.7058925,0.0,0.0037821999999999995
0,-31.45404812,-3.27800772,0.0,0.0
0,-9.87062302,2.68796487,0.0,0.0
0,-44.55910495,-9.49089876,0.0,0.0
0,-1.95813279,2.68796487,4e-07,9.74e-05
0,-15.44393417,-18.42766035,0.0,0.0
0,-1.8950348000000001,2.16734238,5.2e-06,0.00013920000000000002
0,-7.34815062,-2.31137726,0.0,0.0
0,-4.513477,3.90963327,0.0,0.0
0,-3.69397881,-4.68359476,0.0,0.0
0,-2.3622319,2.18061545,1.1e-06,4.1e-06
0,-449999999.99997777,-16.01232237,0.0,0.0
0,-3.42947012,63088235.29408532,0.0,0.0
0,-233.59506434,-16.01232237,0.0,0.0
0,-3.42947012,30.80571402,0.0,0.0
0,-7.84503787,-5.47526629,0.0,0.0
0,-5.67082134,30.80571402,0.0,0.0
0,-2.97718729,0.26031785,0.0,0.0
0,11.19270194,1964.64705879,0.0,2.0
0,-0.4086286,0.26031785,0.0413736,0.1034042
0,1.86154014,6.65263016,0.0,1.8747806
0,0.19835388,2.43418329,1.9e-06,0.5661387
0,-1.22941959,0.47772073,0.0026105,0.0037905
0,-0.64298094,2.06508963,2.0600000000000006e-05,0.06988480000000001
0,3.41802037,8.20811287,0.0,1.9987203999999998
0,0.0,2.06508963,2.43e-05,0.3923785
0,-0.66275485,0.31872482,0.021594099999999998,0.043841499999999985
0,-0.04373825,2.06508963,2.34e-05,0.35783400000000004
0,4.17661996,3.52598809,0.0,1.9999448
0,-7.44927319,2.06508963,0.0,0.0
0,-4.23039964,6.65263016,0.0,0.0
0,-2.74129885,1.81859129,1e-07,1e-07
0,4.40435558,9.45447172,0.0,1.9999796000000003
0,-1.46687447,1.81859129,6.95e-05,0.0018775
0,-2.73031513,0.31872482,1e-07,1e-07
0,-0.43282631,1.81859129,0.0001141,0.13488570000000005
0,0.10487019,2.62833266,3e-07,0.4800573
0,-0.28022633,1.81859129,0.00012309999999999998,0.20534010000000005
0,1.61807427,7.60677502,0.0,1.7891918000000002
0,-0.02441213,1.81859129,0.0001171,0.3727501
0,-0.22031035,-0.06814202,0.0820828,0.156584
0,-2.48999597,1.81859129,6e-07,8e-07
0,-2.85065548,1.56528834,1e-07,1e-07
0,-1.26800659,1.81859129,8.240000000000001e-05,0.0052124
0,0.53740522,3.63445153,0.0,0.916423
0,-12.89194363,1.41462572,0.0,0.0
0,-2.24536544,62.58823529,0.0,1.4599999999999999e-05
0,1.22788645,1.41462572,0.0012678,1.5663962
0,-0.38076541,0.11122929,0.0509774,0.105432
0,-0.19837797,3.64536449,0.0,0.2520554
0,1.36811283,7.11695185,0.0,1.6609098000000002
0,-1.08640697,1.82795748,9.15e-05,0.0123013
0,-2.09523489,0.75647131,1.7e-05,1.86e-05
0,-0.41445258,1.06104609,0.0054321000000000005,0.13714790000000002
0,2.10551544,10.19661125,0.0,1.9297381999999998
0,-1.22347109,1.06104609,0.0015428,0.0051064000000000005
0,-1.63760117,0.22650904,0.00036389999999999995,0.0003925
0,-0.1433269,1.06104609,0.0061105,0.2808123
0,1.5303069999999999,5.50328756,0.0,1.7494936
0,-0.62768463,-2.14118588,0.0367505,0.036758500000000006
0,-0.06873234,3.48427702,0.0,0.3390336
0,-1.62915296,1.22364639,0.000242,0.0005472000000000001
0,-1.69002375,1.33773925,0.000155,0.000394
0,-1.34141785,1.22364639,0.000779,0.0029278000000000004
0,-1.10459398,1.36143137,0.0008823,0.0105539
0,-1.3948978,1.22364639,0.0006332999999999999,0.0021619
0,-1.37469443,1.22773433,0.0006871000000000001,0.0024123
0,-0.9531914,1.22364639,0.0018001999999999996,0.0201148
0,-0.30072108,2.94777093,0.0,0.19457120000000008
0,-0.85959572,1.22364639,0.0020107,0.0298697
0,0.27565992,6.65263016,0.0,0.6422928000000001
0,-0.89107819,1.22364639,0.0019677,0.0262011
0,-0.86401464,1.06277414,0.003532800000000001,0.027757
0,-3.0,1.47447894,0.0,0.0
0,10.55485498,368933823.52941,0.0,2.0
0,-0.23116133,1.47447894,0.000868,0.2316464
0,5.12163478,9.52513931,0.0,1.9999997999999999
0,-2.03061832,1.47447894,2.05e-05,3.91e-05
0,-0.25968961,5.01415334,0.0,0.2166464
0,-1.80703443,1.43513073,7.79e-05,0.0001947
0,-2.3512179,0.35112198,3e-06,3e-06
0,-1.09696974,1.43513073,0.0006527999999999999,0.0112742
0,-1.59747622,0.47772073,0.0004202,0.0004994
0,-3.05746159,1.43513073,0.0,0.0
0,-3.26465706,1.36143137,0.0,0.0
0,-0.75578086,1.43513073,0.0008697,0.046275300000000005
0,2.77213413,3.1756762000000003,0.0,1.9888442
0,-2.88547187,1.43513073,0.0,0.0
0,-0.6541236999999999,62.58823529,0.0,0.06718980000000001
0,-0.34535472,1.43513073,0.0010555,0.1716251
0,1.40700361,3.77914055,0.0,1.6836616000000002
0,-0.23090311,1.43513073,0.0010683,0.2315771
0,0.14341221,1.74117545,0.00019559999999999998,0.5144806000000001
0,-2.51085665,1.43513073,8e-07,1e-06
0,5.38873898,7.60677502,0.0,1.9999996
0,-1.3874361000000002,1.43513073,0.0003843,0.0025111
0,-2.12673495,0.74139492,1.5399999999999998e-05,1.7800000000000002e-05
0,-0.44676255,1.43513073,0.0010023,0.12873189999999998
0,4.0387285,9.44747344,0.0,1.9998938000000002
0,0.08149887,2.7918851000000005,0.0,0.4596894
0,-0.30560237,1.84466345,0.0001038,0.1921962
0,-0.6457943,2.7918851000000005,2e-07,0.06931319999999999
0,1.22205323,10.19661125,0.0,1.5629908000000001
0,-1.49631798,2.7918851000000005,0.0,0.001643
0,2.53094078,7.47248214,0.0,1.977167
0,-0.73116985,2.7918851000000005,0.0,0.0515082
0,0.80750126,3.63445153,0.0,1.2002908
0,-0.67287116,2.7918851000000005,0.0,0.0631304
0,4.0738866,7.52423311,0.0,1.9999098000000002
0,-3.0,4.24654867,0.0,0.0
0,6.11327824,368933823.52941,0.0,2.0
0,-2.80366464,4.24654867,0.0,0.0
0,-0.03058109,62.58823529,0.0,0.367554
0,-3.0,3.63465139,0.0,0.0
0,-1.24766624,368933823.52941,0.0,0.0058588
0,-1.32172227,3.63465139,0.0,0.0041278
0,0.55011828,9.94504644,0.0,0.9300742000000001
0,-3.0,368933823.52941,0.0,0.0
0,-2.00666565,-0.92875672,3.37e-05,3.37e-05
0,-0.15780935,4.64993442,0.0,0.27730759999999993
0,0.0,0.75647131,0.019784,0.3721178
0,-0.35027726,0.3674456,0.0394589,0.1310701
0,-0.32509935,1.90065214,7.120000000000001e-05,0.1824116
0,1.91844352,3.70474117,0.0,1.8899692
0,-449999999.99997777,1.90065214,0.0,0.0
0,-7.62128819,368933823.52941,0.0,0.0
0,-0.57203903,1.90065214,6.97e-05,0.0882753
0,1.03279556,5.38127717,0.0,1.4119632
0,-3.18079881,0.35112198,0.0,0.0
0,2.68610482,368933823.52941,0.0,1.9854822
0,-1.65,0.35112198,0.00031889999999999995,0.0003495
0,0.17423105,2.40809978,2.5e-06,0.5438244999999999
0,-1.4046996999999999,0.35112198,0.0011957,0.0014689
0,1.13151704,5.56510614,0.0,1.4940692
0,-4.24644196,0.35112198,0.0,0.0
0,-1.05729161,7.47248214,0.0,0.0140878
0,-1.06086316,1.17004242,0.0018364999999999998,0.012059700000000001
0,-1.48877248,0.3674456,0.0007953,0.0009391
0,-0.26526292,1.17004242,0.0037353,0.2096815
0,0.49506205,2.72080825,2e-07,0.8713744000000001
0,-0.93068008,1.17004242,0.0022557,0.0217847
0,-1.39871279,0.22650904,0.0012911,0.0014937
0,-2.35339362,1.17004242,3.2e-06,3.4000000000000013e-06
0,10.76771688,488.91176471,0.0,2.0
0,-0.77549446,0.62575157,0.011230799999999999,0.032518200000000004
0,-0.92807787,0.31872482,0.0094292,0.0149822
0,-0.34049984,0.47772073,0.0326051,0.1425025
0,3.22451056,4.92119534,0.0,1.9974728
0,-0.60358608,0.47772073,0.0207635,0.05878430000000001
0,2.54726854,5.54101378,0.0,1.9783936
0,-0.12793335,1.84466345,0.0001041,0.29715590000000003
0,2.36736122,9.94504644,0.0,1.9640554
0,-3.0,1.84466345,0.0,0.0
0,0.7588361,368933823.52941,0.0,1.1503606000000002
0,0.33598523,1.84466345,0.0001028,0.7036899999999999
0,-0.45617155,0.74139492,0.015194999999999997,0.1111766
0,-2.59160824,1.36143137,6e-07,6e-07
0,5.41681336,10.19661125,0.0,1.9999996
0,-0.0746835,1.36143137,0.0015729000000000001,0.33317050000000004
0,-0.03343679,2.40809978,1.6e-06,0.3658852
0,-4.14083123,-2.22994529,0.0,0.0
0,-0.93389327,3.77914055,0.0,0.0237286
0,-0.93169249,0.56324965,0.007663,0.0161786
0,-1.05477602,0.22650904,0.0060921000000000005,0.008281700000000001
0,-3.05931381,1.22773433,0.0,0.0
0,-10.43574178,-1.34969727,0.0,0.0
0,-1.54348727,1.22773433,0.00034589999999999995,0.0009253
0,38.66853209,98.38235294,0.0,2.0
0,-1.38333784,5.73093732,0.0,0.0029888000000000002
0,0.72457435,9.52513931,0.0,1.1144834
0,-3.06108825,2.67797176,0.0,0.0
0,1.09845778,368933823.52941,0.0,1.4680438
0,-2.45215317,2.67797176,0.0,2e-06
0,0.17064318,368933823.52941,0.0,0.5398446
0,-1.86598581,2.67797176,3e-07,0.0001829
0,1.00598541,368933823.52941,0.0,1.3890646
0,-3.0,2.67797176,0.0,0.0
0,3.4014290000000003,368933823.52941,0.0,1.9986724
0,-3.0,6.94802028,0.0,0.0
0,24.68852459,368933823.52941,0.0,2.0
0,-3.0,37.99264706,0.0,0.0
0,0.83205029,368933823.52941,0.0,1.2242383999999995
0,-2.96659979,37.99264706,0.0,0.0
0,-2.46471144,70.27310924,0.0,2.4e-06
0,-3.0,8.36793479,0.0,0.0
0,-1.54131654,368933823.52941,0.0,0.001265
0,-2.03649495,368933823.52941,0.0,6.24e-05
0,-2.29831626,8.60661309,0.0,8.8e-06
0,-2.91841864,5.33849417,0.0,0.0
0,1.60535555,98.38235294,0.0,1.784418
0,-1.7545428,9.38604635,0.0,0.00036219999999999997
0,-1.298402,6.83881629,0.0,0.004656399999999999
0,-2.26364734,46.19117647,0.0,8.2e-06
0,-1.97193965,368933823.52941,0.0,9.48e-05
0,-2.11386337,46.19117647,0.0,3.1e-05
0,-11.07905983,3.52598809,0.0,0.0
0,-1.90548679,368933823.52941,0.0,0.0001486
0,-1.50820694,368933823.52941,0.0,0.0015114
0,-3.0,5.01415334,0.0,0.0
0,-1.84568434,1964.64705879,0.0,0.0001994
0,-2.99431281,7.69373402,0.0,2e-07
0,35.66109644,1964.64705879,0.0,2.0
0,-2.87250759,3.98257607,0.0,0.0
0,-2.11845431,368933823.52941,0.0,2.56e-05
0,-3.44267398,5.01415334,0.0,0.0
0,-3.45237873,368933823.52941,0.0,0.0
0,-2.3830514,368933823.52941,0.0,3.4e-06
0,-3.0,52.18686889,0.0,0.0
0,-0.49411461,368933823.52941,0.0,0.11267100000000001
0,-3.42139785,2.73919183,0.0,0.0
0,-3.47411799,368933823.52941,0.0,0.0
0,1.95919888,368933823.52941,0.0,1.9001266
0,-3.0,4.98680155,0.0,0.0
0,-3.44817463,368933823.52941,0.0,0.0
0,-3.0,30.81783716,0.0,0.0
0,1.39347858,368933823.52941,0.0,1.6762336
0,-2.99293519,2.8220141,0.0,0.0
0,4.34549317,178.87700535,0.0,1.9999744
0,-2.579443,368933823.52941,0.0,4e-07
0,-1.61538462,368933823.52941,0.0,0.0008442
0,-3.0,62.58823529,0.0,0.0
0,-2.4368308,2.94090323,0.0,2.8e-06
0,-0.49494008,368933823.52941,0.0,0.11226939999999999
0,-1.70084013,2.94090323,0.0,0.0005302000000000001
0,2.14994275,112.8522985,0.0,1.9366862
0,3.40537616,368933823.52941,0.0,1.9986914
0,-3.0,5.56510614,0.0,0.0
0,5.95135892,70.27310924,0.0,2.0
0,-2.85877734,2.62833266,0.0,0.0
0,-2.98563477,13.65068338,0.0,0.0
0,-0.65360767,178.87700535,0.0,0.0673824
0,-0.38765787,368933823.52941,0.0,0.1538858
0,-3.0,14.07083722,0.0,0.0
0,-3.0,16.52027694,0.0,0.0
0,-2.47661625,368933823.52941,0.0,1.4e-06
0,-1.11417203,368933823.52941,0.0,0.0109386
0,-3.0,98.38235294,0.0,0.0
0,-3.0,2.94777093,0.0,0.0
0,3.2744241,368933823.52941,0.0,1.9978522
0,-0.32699294,488.91176471,0.0,0.1812262
0,-2.7759761000000003,6.94802028,0.0,0.0
0,-3.0,6.65263016,0.0,0.0
0,17.50258987,368933823.52941,0.0,2.0
0,-2.79524823,368933823.52941,0.0,6e-07
0,-3.0,4.5628822,0.0,0.0
0,2.5708846000000003,368933823.52941,0.0,1.979723
0,1.65679329,21.13188506,0.0,1.8052168000000002
0,-1.74068953,9.38604635,0.0,0.0003922
0,-3.46262987,21.13188506,0.0,0.0
0,-2.48917427,368933823.52941,0.0,1.4e-06
0,-1.34866391,21.13188506,0.0,0.0035996
0,-1.92297366,9.94504644,0.0,0.0001222
0,-3.56223105,6.36645104,0.0,0.0
0,-1.85811432,1964.64705879,0.0,0.0001886
0,-2.5052605,368933823.52941,0.0,1.8000000000000001e-06
0,-2.98433578,30.81783716,0.0,0.0
0,0.43138683,368933823.52941,0.0,0.8031374
0,-19.75211715,5.38127717,0.0,0.0
0,-2.0114351999999998,19.96095104,0.0,6.720000000000001e-05
0,-0.16116718,368933823.52941,0.0,0.2756116
0,-1.88304566,19.96095104,0.0,0.000167
0,0.65805183,52.18686889,0.0,1.0455422
0,-0.58001674,19.96095104,0.0,0.0857296
0,-2.17755038,3.52598809,0.0,1.6800000000000002e-05
0,-2.27687278,5.71096396,0.0,9.4e-06
0,-0.50108656,9.52513931,0.0,0.1100574
0,-2.35339362,5.71096396,0.0,6.8e-06
0,13.544399900000002,488.91176471,0.0,2.0
0,-1.94669836,368933823.52941,0.0,0.00010859999999999997
0,-3.454189,9.94504644,0.0,0.0
0,-0.01062239,368933823.52941,0.0,0.38278979999999996
0,-3.0,3.06976072,0.0,0.0
0,1.98278186,368933823.52941,0.0,1.9052628
0,-3.0,3.77914055,0.0,0.0
0,-2.57746871,7.52423311,0.0,1.4e-06
0,0.18576542,98.38235294,0.0,0.5547354
0,-1.97767311,1.94442364,1.1599999999999999e-05,7.780000000000001e-05
0,-4.19118228,-2.22994529,0.0,0.0
0,-3.57437508,-2.06508963,0.0,0.0
0,-2.55536934,3.29430863,0.0,1.4e-06
0,-3.0,2.14118588,0.0,0.0
0,-52.08725827,-28.06811146,0.0,0.0
0,-2.22510895,2.14118588,3.1e-06,1.21e-05
0,-31.45404812,-2.94090323,0.0,0.0
0,-3.0,2.22994529,0.0,0.0
0,-54.24645158,-1964.64705879,0.0,0.0
0,-1.7869015,3.29430863,0.0,0.0002966
0,-5.66653033,-3.70474117,0.0,0.0
0,-9.00741264,3.29430863,0.0,0.0
0,-43.21989688,-9.45447172,0.0,0.0
0,-3.18083783,3.29430863,0.0,0.0
0,-14.18131941,-14.07083722,0.0,0.0
0,-2.24592906,368933823.52941,0.0,1.18e-05
0,-3.0,22.05731022,0.0,2e-07
0,3.62131139,368933823.52941,0.0,1.9994236
0,-5.1236037,368933823.52941,0.0,0.0
0,-18.57708557,11.98097691,0.0,0.0
0,-4.48998321,0.86503088,0.0,0.0
0,-3.83610925,4.13591053,0.0,0.0
0,6.60768392,368933823.52941,0.0,2.0
0,-3.4265455,2.23633032,0.0,0.0
0,11.15621509,368933823.52941,0.0,2.0
0,-3.0,2.75280009,0.0,0.0
0,-3.0,4.30147059,0.0,0.0
0,46.90490619,368933823.52941,0.0,2.0
0,-5.18497528,1.41165441,0.0,0.0
0,-1.9134103999999998,5.04173621,0.0,0.00013519999999999998
0,-2.83904957,2.2181156000000004,0.0,0.0
0,4.42065062,137.54621849,0.0,1.9999782
0,-3.12894751,2.31295819,0.0,0.0
0,-0.64620218,5.04173621,0.0,0.0691616
0,-0.84050445,7.94342023,0.0,0.034283
0,-2.94294033,2.17391188,0.0,0.0
0,-3.0,3.67148314,0.0,0.0
0,8.21333414,368933823.52941,0.0,2.0
0,-0.10874992,368933823.52941,0.0,0.31052
0,-3.0,100.56037152,0.0,0.0
0,-0.21888293,368933823.52941,0.0,0.2397786
0,-3.0,4.29680306,0.0,0.0
0,9.51145294,368933823.52941,0.0,2.0
0,-3.0,21.8258512,0.0,0.0
0,3.00181146,368933823.52941,0.0,1.9946268
0,-3.0,5.10470548,0.0,0.0
0,-1.19972317,368933823.52941,0.0,0.007437
0,26.64195436,368933823.52941,0.0,2.0
0,-3.46153846,2.75280009,0.0,0.0
0,-3.0,42.35322799,0.0,0.0
0,-0.31143901,368933823.52941,0.0,0.1893946
0,-0.31440011,368933823.52941,0.0,0.18748679999999998
0,-3.0,32.51701569,0.0,0.0
0,-2.79280423,368933823.52941,0.0,0.0
0,-3.0,77.97455382,0.0,0.0
0,-3.0,17.76360338,0.0,0.0
0,-1.94552171,368933823.52941,0.0,0.0001022
0,-3.0,106.26313082,0.0,0.0
0,-2.52213866,368933823.52941,0.0,2e-06
0,-2.60844164,368933823.52941,0.0,6e-07
0,-3.0,23.8315508,0.0,0.0
0,-1.72368614,368933823.52941,0.0,0.0004486000000000001
0,-2.04885008,23.8315508,0.0,4.96e-05
0,1.82893265,368933823.52941,0.0,1.8656284
0,-3.0,7.94342023,0.0,0.0
0,-2.42955767,368933823.52941,0.0,4.6e-06
0,-2.55877171,5.29305577,0.0,1.2e-06
0,8.26601203,390.52941176,0.0,2.0
0,-4.83902602,-1.30916408,0.0,0.0
0,-2.46963836,3.74056805,0.0,2.2e-06
0,-4.26308098,4.79729518,0.0,0.0
0,-51.91107202,-77.97455382,0.0,0.0
0,-449999999.99997777,-11.98097691,0.0,0.0
0,-6.55744837,81066176.4705678,0.0,0.0
0,-233.79161046,-11.98097691,0.0,0.0
0,-6.55744837,40.42491239,0.0,0.0
0,-3.0,9.72966062,0.0,0.0
0,-65.65013271,-23.8315508,0.0,0.0
0,-5.47409354,1.47231561,0.0,0.0
0,-3.5451004999999998,5.8091731,0.0,0.0
0,-6.66228572,-2.75280009,0.0,0.0
0,-4.50281771,40.42491239,0.0,0.0
0,-2.22131355,2.21120446,1.9e-06,1.15e-05
0,-1.06978267,2.42950959,1.6e-06,0.013338
0,-2.27586969,5.01181684,0.0,1.04e-05
0,-0.38381954,6.40151069,0.0,0.155435
0,-14.28470208,5.01181684,0.0,0.0
0,-4.68477481,69.54117647,0.0,0.0
0,1.14416692,5.01181684,0.0,1.504458
0,-2.74997243,1.78809505,3e-07,3e-07
0,-3.345111,8.03046473,0.0,0.0
0,-1.88898696,69.54117647,0.0,0.00015719999999999995
0,-4.867774400000001,2.17093517,0.0,0.0
0,0.80132847,6.70173203,0.0,1.1936182
0,-1.98398204,2.76629541,1e-07,8.31e-05
0,-2.25762766,1.16747674,6.7e-06,8.3e-06
0,-6.90133761,2.76629541,0.0,0.0
0,4.25409569,15.23171309,0.0,1.9999556
0,-2.80530258,2.76629541,0.0,2e-07
0,4.64010802,7.88964498,0.0,1.9999933999999997
0,-2.58839875,4.50617166,0.0,1.2e-06
0,-2.24174962,2.42950959,9.000000000000002e-07,1.5899999999999993e-05
0,-3.06263697,4.50617166,0.0,0.0
0,-1.07424155,5.88686726,0.0,0.013138399999999998
0,-4.81353487,4.50617166,0.0,0.0
0,0.60562594,9.14154369,0.0,0.9896954
0,-2.60737575,4.50617166,0.0,2e-07
0,5.83306491,13.12894564,0.0,2.0
0,-3.0,8.54251466,0.0,0.0
0,-2.5078563,391169117.64707154,0.0,2.4e-06
0,-2.8921767000000003,391169117.64707154,0.0,0.0
0,-2.8921767000000003,391169117.64707154,0.0,0.0
0,-2.65497302,1.93105136,1e-07,3e-07
0,-2.47234641,4.02479218,0.0,1.4e-06
0,-2.26628074,1.93105136,2.4e-06,9.2e-06
0,-2.52766575,2.1101777000000004,4e-07,6e-07
0,-2.26529269,1.93105136,2.6e-06,7.400000000000001e-06
0,-0.80485382,7.37713706,0.0,0.0392004
0,-2.37227566,1.93105136,2.4e-06,4e-06
0,-0.0,7.1108205,0.0,0.3915298
0,-3.81005843,3.46560749,0.0,0.0
0,-3.80926521,3.98157475,0.0,0.0
0,-449999999.99997777,1.16747674,0.0,0.0
0,-5.31902405,391169117.64707154,0.0,0.0
0,-2.65215791,3.5434935,0.0,0.0
0,-3.12279105,3.98157475,0.0,0.0
0,-0.93068008,3.5434935,0.0,0.0239294
0,-2.94863778,2.76615588,0.0,0.0
0,-1.89933683,3.9987619,0.0,0.0001488
0,2.04569718,13.45162531,0.0,1.91842
0,-3.0,3.9987619,0.0,0.0
0,20.74274424,391169117.64707154,0.0,2.0
0,-6.6613372,-3.29826636,0.0,0.0
0,-1.83860238,5.88686726,0.0,0.0002112
0,-2.48242732,2.76875347,0.0,1.6e-06
0,5.04332453,13.725232199999999,0.0,1.999999
0,-3.3814925,2.76875347,0.0,0.0
0,-0.17807336,11.67979459,0.0,0.26434640000000004
0,-0.47496182,6.70173203,0.0,0.1193726
0,-1.82210221,6.751686200000001,0.0,0.0002448
0,-3.00668897,43.46323529,0.0,0.0
0,-2.98150577,74.50840336,0.0,0.0
0,-2.99996015,15.23171309,0.0,0.0
0,-1.69242832,2086.23529408,0.0,0.0005366
0,-3.0,15.23171309,0.0,0.0
0,-2.70441524,391169117.64707154,0.0,0.0
0,-1.81687294,391169117.64707154,0.0,0.0002486
0,-3.39377542,5.78498156,0.0,0.0
0,-3.36717542,52.15588235,0.0,0.0
0,-3.35229741,391169117.64707154,0.0,0.0
0,-0.78168906,52.15588235,0.0,0.04277380000000002
0,-8.66332498,4.47853115,0.0,0.0
0,-3.45810566,391169117.64707154,0.0,0.0
0,-1.88906309,391169117.64707154,0.0,0.000156
0,-3.44496955,3.18984962,0.0,0.0
0,-2.90319538,391169117.64707154,0.0,2e-07
0,-3.0,11.64553603,0.0,0.0
0,-1.76273114,391169117.64707154,0.0,0.0003516
0,-3.0,13.45162531,0.0,0.0
0,-2.65236604,2086.23529408,0.0,4e-07
0,-3.04002283,11.67979459,0.0,0.0
0,-2.99482312,391169117.64707154,0.0,0.0
0,-3.0,74.50840336,0.0,0.0
0,-2.94366952,391169117.64707154,0.0,0.0
0,-3.0,20.89245978,0.0,0.0
0,-2.3281862999999996,391169117.64707154,0.0,6e-06
0,-3.39915233,20.28926596,0.0,0.0
0,-2.06580499,391169117.64707154,0.0,4.760000000000001e-05
0,-2.14533876,13.7252322,0.0,2.58e-05
0,-2.60071891,391169117.64707154,0.0,8e-07
0,-3.0,11.33823529,0.0,0.0
0,-2.25009812,391169117.64707154,0.0,1.12e-05
0,-3.06394095,8.11266116,0.0,0.0
0,-2.86309316,35.84498926,0.0,0.0
0,-2.98541087,11.33823529,0.0,0.0
0,-3.0,6.40151069,0.0,0.0
0,0.30498489,391169117.64707154,0.0,0.6725066
0,-3.0,4.02479218,0.0,0.0
0,20.79433921,391169117.64707154,0.0,2.0
0,-3.29218383,391169117.64707154,0.0,0.0
0,-1.88628133,12.21160035,0.0,0.00015659999999999998
0,-2.55179376,7.37713706,0.0,6e-07
0,-3.0,12.21160035,0.0,0.0
0,0.57574479,391169117.64707154,0.0,0.9577664
0,-1.84040733,4.17235937,0.0,0.0002136
0,-0.71457584,2.42950959,2.2e-06,0.0546028
0,-2.01419563,3.18984962,0.0,6.96e-05
0,-0.22867089999999998,11.67979459,0.0,0.23410820000000004
0,-3.03493158,13.45162531,0.0,0.0
0,-0.80652221,38.07369861,0.0,0.038967199999999994
0,-1.00212425,101.31176471,0.0,0.0179102
0,-2.87358074,5.24065397,0.0,0.0
0,-0.69885792,391169117.64707154,0.0,0.057551
0,-2.79444029,4.47853115,0.0,0.0
0,-3.42857143,5.86090945,0.0,0.0
0,-2.31967815,391169117.64707154,0.0,7.200000000000001e-06
0,-3.0,5.86090945,0.0,0.0
0,-1.12453088,391169117.64707154,0.0,0.0104964
0,-2.61689954,391169117.64707154,0.0,4e-07
0,-3.0,56.33880687,0.0,0.0
0,0.30867419,391169117.64707154,0.0,0.6754600000000001
0,-3.43209063,2.42950959,0.0,0.0
0,-2.85937855,391169117.64707154,0.0,0.0
0,-3.0,101.31176471,0.0,0.0
0,-3.0,5.547953,0.0,2e-07
0,0.016314500000000003,391169117.64707154,0.0,0.404724
0,-2.98468022,10.47183339,0.0,0.0
0,0.09334493,74.50840336,0.0,0.46945299999999995
0,-2.68367381,2.76615588,0.0,6e-07
0,3.64549067,6.87242325,0.0,1.99947
0,-3.62866393,2.76615588,0.0,0.0
0,-3.260805,4.32913006,0.0,0.0
0,-2.81427596,2.76615588,0.0,2e-07
0,-2.02724739,2.42950959,4e-07,6.220000000000001e-05
0,-1.9048956,2.76615588,0.0,0.00013419999999999998
0,2.80591424,7.1108205,0.0,1.9899716
0,-3.65709031,2.87710732,0.0,0.0
0,6.70387854,15.23171309,0.0,2.0
0,-1.95644762,2.67588513,1e-07,9.03e-05
0,3.15829983,11.67979459,0.0,1.9968241999999998
0,-3.16961184,391169117.64707154,0.0,0.0
0,-3.88000199,3.32279118,0.0,0.0
0,-2.02533857,69.54117647,0.0,6.32e-05
0,-3.45471824,8.23138461,0.0,0.0
0,6.96484815,15.23171309,0.0,2.0
0,-1.82933956,8.23138461,0.0,0.00022799999999999999
0,6.13790394,10.97726698,0.0,2.0
0,-2.98511157,8.23138461,0.0,0.0
0,1.6870552,69.54117647,0.0,1.8173406000000003
0,-8.28401506,4.9445959,0.0,0.0
0,0.52028915,15.23171309,0.0,0.8985924000000001
0,-3.26535013,4.9445959,0.0,0.0
0,-0.21365746,391169117.64707154,0.0,0.2424138
0,-2.36479027,4.9445959,0.0,4.8e-06
0,7.67760799,118.27730585,0.0,2.0
0,0.85844212,25.67044277,0.0,1.2507583999999998
0,-2.0439915,14.46330843,0.0,5.24e-05
0,-3.0,25.67044277,0.0,0.0
0,-2.42324646,391169117.64707154,0.0,3e-06
0,-1.81875508,25.67044277,0.0,0.00025059999999999997
0,-1.55999621,391169117.64707154,0.0,0.0011422
0,-2.15258561,25.67044277,0.0,2.6000000000000002e-05
0,-2.88325068,6.751686200000001,0.0,0.0
0,-2.66183666,25.67044277,0.0,1.2e-06
0,-2.64408879,13.7252322,0.0,6e-07
0,-2.59974249,25.67044277,0.0,1.2e-06
0,-4.58796564,5.547953,0.0,0.0
0,-3.18996542,7.24546889,0.0,0.0
0,21.56867709,391169117.64707154,0.0,2.0
0,-3.0,7.24546889,0.0,0.0
0,-0.80865672,391169117.64707154,0.0,0.0387596
0,-2.97212954,3.82086013,0.0,0.0
0,-0.11225374,35.84498926,0.0,0.30845759999999994
0,-3.4591788999999995,1.78809505,0.0,0.0
0,1.10592442,391169117.64707154,0.0,1.4742574
0,-2.17235792,10.77793077,0.0,2.1600000000000007e-05
0,-2.93372754,7.37713706,0.0,0.0
0,-4.45975718,10.77793077,0.0,0.0
0,-3.8436422,2086.23529408,0.0,0.0
0,-3.0,4.31415867,0.0,0.0
0,1.06233341,391169117.64707154,0.0,1.43754
0,-2.98172108,391169117.64707154,0.0,0.0
0,-3.01542261,35.84498926,0.0,0.0
0,-1.94124074,391169117.64707154,0.0,0.00011079999999999996
0,-22.96384351,7.1108205,0.0,0.0
0,-5.52059234,4.19633419,0.0,0.0
0,1.38701715,11.19891004,0.0,1.671957
0,-3.0,25.76639813,0.0,0.0
0,-2.2417154,391169117.64707154,0.0,1.46e-05
0,-3.44817463,25.76639813,0.0,0.0
0,-3.03531516,391169117.64707154,0.0,0.0
0,-3.0,9.50622481,0.0,0.0
0,1.83543655,391169117.64707154,0.0,1.8673294
0,-3.0,391169117.64707154,0.0,0.0
0,-3.16660441,13.12894564,0.0,0.0
0,-1.20343688,101.31176471,0.0,0.0072136000000000014
0,-3.50755189,13.12894564,0.0,0.0
0,-0.44471291,391169117.64707154,0.0,0.1307304
0,-3.04013277,13.12894564,0.0,2e-07
0,-8.47734429,3.82086013,0.0,0.0
0,-3.0,7.30062554,0.0,0.0
0,6.3809282,391169117.64707154,0.0,2.0
0,-5.44255449,-2.15714893,0.0,0.0
0,-2.82262813,3.46560749,0.0,2e-07
0,-2.94174203,5.59021796,0.0,0.0
0,9.19422536,74.50840336,0.0,2.0
0,-2.12325112,5.59021796,0.0,2.92e-05
0,1.51589948,5.09863458,0.0,1.7421953999999995
0,-3.30233083,5.59021796,0.0,0.0
0,-2.09529442,3.82086013,0.0,3.74e-05
0,-4.91891116,-2.21120446,0.0,0.0
0,-3.67682405,1.74510359,0.0,0.0
0,-2.40802648,2.93853125,0.0,3.4e-06
0,-3.15023203,-4.45799754,0.0,0.0
0,-1.69409478,2.39735172,1.4e-06,0.0005254
0,-1.8033613000000002,2.11983345,7.4999999999999985e-06,0.0002571
0,-7.75957233,2.39735172,0.0,0.0
0,-31.00062696,-10.13554692,0.0,0.0
0,-3.62735701,2.39735172,0.0,0.0
0,-34.71376218,-5.78498156,0.0,0.0
0,-2.22106801,2.39735172,1e-06,1.82e-05
0,-3.61972423,-3.1203036,0.0,0.0
0,-2.10141924,1.77310729,9e-06,2.58e-05
0,-5.14689194,-12.83050853,0.0,0.0
0,-3.0,1.77310729,0.0,0.0
0,-25.22017035,-101.31176471,0.0,0.0
0,-10.20013741,-8.73246992,0.0,0.0
0,-3.70800307,2.60129176,0.0,0.0
0,-1.95598028,2.11983345,6.7e-06,9.85e-05
0,-33.09717713,-56.33880687,0.0,0.0
0,-1.92828314,2.64518725,1e-07,0.00012209999999999999
0,-27.30717754,-3.18984962,0.0,0.0
0,-2.57247878,2.25251665,1e-07,7e-07
0,-45.23021469,-101.31176471,0.0,0.0
0,-4.14484443,2.25251665,0.0,0.0
0,-4.51468807,0.99587381,0.0,0.0
0,-14.57679408,-14.46330843,0.0,0.0
0,-6.41956728,1.74510359,0.0,0.0
0,-5.8910504,-12.83050853,0.0,0.0
0,-2.27763734,1.74510359,3.1e-06,5.5000000000000016e-06
0,-4.90336906,-4.17235937,0.0,0.0
0,-3.5062388999999996,1.74510359,0.0,0.0
0,-16.09184538,-3.18984962,0.0,0.0
0,-1.92828314,1.74510359,2.61e-05,0.00010190000000000001
0,-3.51714707,1.74510359,0.0,0.0
0,-4.09145694,0.25876736,0.0,0.0
0,-3.64357406,1.74510359,0.0,0.0
0,-16.09184538,-8.65634957,0.0,0.0
0,-7.2863210999999986,2.60129176,0.0,0.0
0,-26.85402932,-10.47183339,0.0,0.0
0,-3.58511165,-4.31415867,0.0,0.0
0,-1.88117633,3.1001812,0.0,0.0001656
0,-4.40208074,-9.14154369,0.0,0.0
0,-2.35677227,2.11983345,1.4e-06,4.6e-06
0,-4.32487214,-9.14154369,0.0,0.0
0,-2.3197462000000004,2.64518725,1e-07,9.3e-06
0,-5.00534629,-7.30062554,0.0,0.0
0,-1.72559477,2.21449288,5.2e-06,0.0004248
0,-1.82528057,391169117.64707154,0.0,0.0002316
0,-8.80328272,391169117.64707154,0.0,0.0
0,-17.09749468,18.5816539,0.0,0.0
0,-3.0,29.88452244,0.0,0.0
0,-2.75792269,391169117.64707154,0.0,2e-07
0,-6.88962468,6.31571402,0.0,0.0
0,-4.02306801,7.59249603,0.0,0.0
0,1.6439139999999999,5.81294259,0.0,1.8004349999999998
0,-2.42738674,3.9551974,0.0,3.6000000000000007e-06
0,-0.37334693,5.81294259,0.0,0.160058
0,-1.9937438000000005,7.13529087,0.0,7.780000000000001e-05
0,-0.8332584000000001,5.81294259,0.0,0.0353904
0,-2.34133252,5.46914702,0.0,7.400000000000001e-06
0,-1.96222132,9.76287919,0.0,9.340000000000001e-05
0,-0.77544262,7.59249603,0.0,0.0437372
0,-1.77117269,9.76287919,0.0,0.0003326
0,-5.37124329,6.43001992,0.0,0.0
0,-1.37533558,13.41812734,0.0,0.0030894000000000004
0,-3.94749708,2.90909256,0.0,0.0
0,-3.1030447999999997,4.23910294,0.0,0.0
0,-1.91238533,8.37018547,0.0,0.0001326
0,2.65384615,9.22819949,0.0,1.9840608
0,-2.37570945,4.43239044,0.0,3.4e-06
0,-2.54141581,11.38866684,0.0,1.8000000000000001e-06
0,-1.26193361,10.54821268,0.0,0.0054974
0,6.33788797,17.1614287,0.0,2.0
0,-1.87311568,9.74544273,0.0,0.0001714
0,-3.42902409,391169117.64707154,0.0,0.0
0,-3.44123601,35.41265364,0.0,0.0
0,-2.38200588,391169117.64707154,0.0,6.4e-06
0,10.81992992,695.4117647,0.0,2.0
0,-2.99766547,12.28249739,0.0,0.0
0,-2.80531667,10.54821268,0.0,2e-07
0,-11.36101052,-2.32375056,0.0,0.0
0,6.62023104,116.08945902,0.0,2.0
0,-2.85651739,6.94033682,0.0,2e-07
0,-3.424542,391169117.64707154,0.0,0.0
0,-3.44344551,28.4486631,0.0,0.0
0,-3.27326835,391169117.64707154,0.0,0.0
0,-1.90280408,6.5645573000000015,0.0,0.0001374
0,0.12695725,9.76287919,0.0,0.5000154
0,-9.34717846,-1.26478563,0.0,0.0
0,-7.0682753,3.86249008,0.0,0.0
0,-59.59174968,-29.88452244,0.0,0.0
0,-2.31515167,7.53043837,0.0,7.6e-06
0,-4.989383,-6.95984124,0.0,0.0
0,-2.29273686,4.13039069,0.0,1.12e-05
0,-5.65792796,-6.43001992,0.0,0.0
0,-3.66602995,4.13039069,0.0,0.0
0,-6.94763502,-6.19461271,0.0,0.0
0,-4.87123007,26.11751097,0.0,0.0
0,-2.44193103,4.49172882,0.0,3e-06
0,-0.2880808,71.22352941,0.0,0.2012664
0,-3.09729562,400632352.9411956,0.0,0.0
0,-3.0,3.22084075,0.0,0.0
0,21.60705684,400632352.9411956,0.0,2.0
0,-3.0,44.51470588,0.0,0.0
0,-1.8,400632352.9411956,0.0,0.0002816
0,-2.81647181,400632352.9411956,0.0,2e-07
0,-3.0,16.73746576,0.0,0.0
0,-5.65911835,53.41764706,0.0,0.0
0,-5.63411329,400632352.9411956,0.0,0.0
0,-2.54324187,53.41764706,0.0,1.4e-06
0,-10.91245743,5.35814865,0.0,0.0
0,-2.88658038,400632352.9411956,0.0,0.0
0,-3.0,9.98460693,0.0,0.0
0,-3.0,400632352.9411956,0.0,0.0
0,-1.25189579,400632352.9411956,0.0,0.005737399999999999
0,-2.27778249,20.92287787,0.0,1.04e-05
0,-3.3010286,400632352.9411956,0.0,0.0
0,-3.42811864,14.05727554,0.0,0.0
0,-2.87275591,11.85991011,0.0,4e-07
0,-1.35646547,16.73746576,0.0,0.0034074
0,-3.35064234,3.02277589,0.0,0.0
0,-0.97998136,400632352.9411956,0.0,0.0196338
0,0.72722909,9.98460693,0.0,1.1179836
0,-2.98227753,2.83935143,1e-07,1e-07
0,-1.31769395,400632352.9411956,0.0,0.004142
0,-3.17016335,5.35814865,0.0,0.0
0,-2.14285714,8.12826858,0.0,2.84e-05
0,-1.76814628,400632352.9411956,0.0,0.0003362
0,-2.81173906,400632352.9411956,0.0,4e-07
0,-3.0,9.83498601,0.0,0.0
0,-0.56990199,534.17647059,0.0,0.08879160000000001
0,-3.1698646,8.46475297,0.0,0.0
0,-3.0,534.17647059,0.0,2e-07
0,-2.99953843,400632352.9411956,0.0,0.0
0,1.72554732,400632352.9411956,0.0,1.8315941999999998
0,-22.48208456,3.2107859,0.0,0.0
0,-2.94601934,6.42679738,0.0,0.0
0,4.34770625,71.22352941,0.0,1.9999716
0,-2.3865817000000003,7.70827703,0.0,5.400000000000002e-06
0,2.08898039,400632352.9411956,0.0,1.9265506
0,-5.91618017,-0.99276412,0.0,0.0
0,-1.81921253,2.28525625,2.2e-06,0.000243
0,-9.79669156,1.70848896,0.0,0.0
0,-31.62871492,-8.88267764,0.0,0.0
0,-1.82721342,1.70848896,4.55e-05,0.0001809
0,-34.80670398,-7.81283018,0.0,0.0
0,-3.3,2.43951167,0.0,0.0
0,-5.5318358,-0.79277119,0.0,0.0
0,-8.59370957,-2.51880362,0.0,0.0
0,-2.29586345,2.56262522,2e-07,8e-06
0,-8.11668002,-3.2107859,0.0,0.0
0,-3.83134854,2.56262522,0.0,0.0
0,-3.25713008,2.28525625,0.0,0.0
0,-4.38924821,-0.79277119,0.0,0.0
0,-2.45701007,3.27282401,0.0,2.2e-06
0,-6.08052208,-0.3875518,0.0,0.0
0,-3.98094511,3.27282401,0.0,0.0
0,-8.04370891,-3.29946627,0.0,0.0
0,-11.16543859,3.27282401,0.0,0.0
0,-46.62879015,-8.88267764,0.0,0.0
0,-1.86554291,3.27282401,0.0,0.0001874
0,-6.84666422,-16.50082103,0.0,0.0
0,-2.28749614,3.27282401,0.0,8.599999999999999e-06
0,-17.69200435,-20.92287787,0.0,0.0
0,-2.77371068,400632352.9411956,0.0,0.0
0,-6.38121552,400632352.9411956,0.0,0.0
0,-15.12470683,17.4743363,0.0,0.0
0,6.98437594,400632352.9411956,0.0,2.0
0,-3.0,1.91262176,0.0,0.0
0,-9.44659879,3.92721859,0.0,0.0
0,-3.72869718,9.56534933,0.0,0.0
0,-2.14149052,2.51840987,3e-07,2.51e-05
0,0.34837695,8.58879375,0.0,0.7170918000000001
0,-3.2840323,10.21376116,0.0,0.0
0,13.60900656,712.23529412,0.0,2.0
0,-4.61387175,5.38112942,0.0,0.0
0,-0.11308538,9.56534933,0.0,0.307579
0,-2.28880826,1.91262176,2.5e-06,7.699999999999999e-06
0,4.52829978,400632352.9411956,0.0,1.999989
0,-1.81166773,400632352.9411956,0.0,0.0002542
0,-2.0647416,33.34976122,0.0,4.94e-05
0,-3.06728012,400632352.9411956,0.0,0.0
0,-7.85824738,-4.36018205,0.0,0.0
0,-4.00251734,4.12584168,0.0,0.0
0,-56.89664543,-30.84871502,0.0,0.0
0,-2.12993953,3.57585728,0.0,3.02e-05
0,-449999999.99997777,-17.4743363,0.0,0.0
0,-2.65689718,49367647.05878218,0.0,4e-07
0,-235.85534472,-17.4743363,0.0,0.0
0,-2.65689718,25.8747187,0.0,2e-07
0,-9.11171698,-0.18277021,0.0,0.0
0,-6.11894059,5.378953,0.0,0.0
0,-9.92519288,-7.47838607,0.0,0.0
0,-7.63841623,25.8747187,0.0,0.0
