,F,F_PWM,F_PWM_std,F_std,Z_sign1,Z_sign2,delta_1,delta_2,Z_PWM,Z1,Z2,h1,h2,h1std,h2std,pos1,pos2,AA1,AA2
TFSDEWMNQVGSYYGMDYWG,-6.1175,-1.27338235294,0.104193330058,0.558787750502,-1.76341965951,-1.62008267605,-1.065,-1.0275,-8.52209170019,41.9901960318,72.6974788531,3.77911764706,3.81661764706,0.0900000000999,0.0525000001,32,36,E,Q
TFSDYWEHWVGSYYGMDYWG,-6.2975,-1.13088235294,1.41421356237e-10,0.662933820326,-1.95720894012,-1.95720894012,-1.2975,-1.2975,-7.79356474001,386892420.568,386892420.568,3.86911764706,3.86911764706,1e-10,1e-10,34,35,E,H
THSDYWMVWVGSYYGMDYWG,-8.075,-1.87900735294,0.323276318635,1.00902180363,-3.04284716756,-2.01068660008,-3.073125,-2.32875,-5.84779410484,9.66021943105,2062.52930173,3.12286764706,3.86724264706,0.323270881096,0.00187500010001,29,35,H,V
TFSPYWMFWVGSYYGMDYWG,-6.7925,-1.13088235294,1.41421356237e-10,0.901529949686,-1.98828669033,-1.98828669033,-1.7925,-1.7925,-6.28001060756,386892420.568,386892420.568,3.86911764706,3.86911764706,1e-10,1e-10,31,35,P,F
TFSTGWMNWVGSYYGMDYWG,-7.4225,-5.20900735294,0.369897242859,0.0525000001001,-3.09199547442,1.36509308504,-1.501875,0.735,-5.9246969908,2.47825159121,12.6448477066,0.711617647059,2.94849264706,0.28714503789,0.233177394895,31,32,T,G
TFSVYWRNWVGSYYGMDYWG,-7.4525,-2.59525735294,0.425067024078,0.86919143471,-1.15178887261,-2.31921155864,-1.2375,-2.203125,-5.0200854734,24.6403515702,6.6540042289,3.61974264706,2.65411764706,0.146903043844,0.398875257027,31,34,V,R
TESDYWMIWVGSYYGMDYWG,-7.19,-1.13088235294,1.41421356237e-10,1.09692467846,-1.99649077362,-1.99649077362,-2.19,-2.19,-5.52373172564,386892420.568,386892420.568,3.86911764706,3.86911764706,1e-10,1e-10,29,35,E,I
TSSDYWMRWVGSYYGMDYWG,-6.7925,-3.58713235294,0.157932704051,0.9158295421,-1.87484191416,0.628719488328,-1.755,0.62625,-3.44905234997,9.45381858818,102.176470316,1.45036764706,3.83161764706,0.153416065004,0.0375000001,29,35,S,R
TRSDYWMNWEGSYYGMDYWG,-6.065,-1.41588235294,0.2850000001,0.644869172878,-0.931708649617,-1.65149776833,-0.780000000001,-1.065,-6.59411998629,386892420.568,12.5758513888,3.86911764706,3.58411764706,1e-10,0.2850000001,29,37,R,E
TNSDYWHNWVGSYYGMDYWG,-5.7125,-1.48338235294,0.148757352859,0.391511494184,-1.81986994086,-0.655045208713,-0.7125,-0.36,-10.0977029873,23.6399584925,386892420.568,3.51661764706,3.86911764706,0.148757352859,1e-10,29,34,N,H
FFSDYWMNWPGSYYGMDYWG,-9.065,-4.40838235294,0.267940058714,0.309959674896,-10.2712518761,-1.41008574204,-4.00875,-0.84375,-11.3654877089,2.47306889235,67.7843136051,0.647867647059,3.81286764706,0.261969106103,0.0562500000999,28,37,F,P
TFSTYWENWVGSYYGMDYWG,-6.6125,-4.28838235294,0.28714503789,0.819973322837,-1.96652739177,1.57726876408,-1.6125,1.545,-2.67509808592,2.47825159121,386892420.568,0.711617647059,3.86911764706,0.28714503789,1e-10,31,34,T,E
TFSDYWKAWVGSYYGMDYWG,-6.71,-2.66838235294,0.711291079757,0.886397202261,-1.92915771341,-0.140987137537,-1.71,-0.1725,-3.55619299963,3.27800771501,386892420.568,2.33161764706,3.86911764706,0.711291079757,1e-10,34,35,K,A
TFSVYWENWVGSYYGMDYWG,-6.1325,-1.38025735294,0.146903043844,0.643297170932,-1.76046165137,-1.179352468,-1.1325,-0.883125,-7.20192397955,24.6403515702,386892420.568,3.61974264706,3.86911764706,0.146903043844,1e-10,31,34,V,E
TFFDYWENWVGSYYGMDYWG,-9.5,-4.86588235294,0.141708327308,1e-10,-449999.774978,-2.03218737641,-4.5,-0.765,-32.7018018991,0.946434479944,386892420.568,0.134117647059,3.86911764706,0.141708327308,1e-10,30,34,F,E
TMSDMWMNWVGSYYGMDYWG,-7.85,-5.75088235294,0.351541249498,0.167537309378,-3.01103311043,1.1617226417,-1.6575,0.5775,-5.39033271036,2.01609336483,9.73476426164,0.441617647059,2.67661764706,0.219046228098,0.274954541797,29,32,M,M
GFSDYWMNWPGSYYGMDYWG,-7.595,-3.71838235294,0.254543374705,1.34407031076,-1.86011474768,-0.0444731620508,-2.53875,-0.0637500000002,-2.83386559525,5.38918600731,67.7843136051,1.33786764706,3.81286764706,0.248250412074,0.0562500000999,28,37,G,P
TFSDYKMNWLGSYYGMDYWG,-6.215,-2.02963235294,0.161190709674,0.642071841875,-0.417622517333,-1.89231160847,-0.31625,-1.215,-6.32234589038,386892420.568,18.4276603352,3.86911764706,2.97036764706,1e-10,0.161190709674,33,37,K,L
TKSDYRMNWVGSYYGMDYWG,-6.4475,-1.25713235294,0.109127977453,0.723779144591,-1.66068994449,-1.99991946532,-1.32125,-1.4475,-7.09105550021,386892420.568,34.2979658783,3.86911764706,3.74286764706,1e-10,0.109127977453,29,33,K,R
TISDKWMNWVGSYYGMDYWG,-8.255,-5.40588235294,0.5770663958,0.603924664276,-2.28329869148,-0.194878990408,-2.07,-0.165,-3.4108803871,2.21251755963,5.87118556332,0.779117647059,2.68411764706,0.352140774507,0.45716791236,29,32,I,K
TFSIAWMNWVGSYYGMDYWG,-7.385,-4.03150735294,0.105417696083,1.19955460494,0.408917229077,-1.97684048871,0.508125,-2.3775,-2.78488167226,514.882346075,9.2818586072,3.86161764706,0.975992647059,0.00750000010001,0.105150561796,31,32,I,A
TFSCYWENWVGSYYGMDYWG,-6.1775,-2.85963235294,0.583683615169,0.66318832177,-1.77551377371,0.544884152695,-1.1775,0.55125,-3.75552905098,3.66699970915,386892420.568,2.14036764706,3.86911764706,0.583683615169,1e-10,31,34,C,E
TFSDIWMNPVGSYYGMDYWG,-6.9875,-1.92400735294,0.415591847718,1.04750596667,-0.971049230485,-1.897363894,-1.194375,-1.9875,-4.49314910416,386892420.568,7.40147494217,3.86911764706,3.07599264706,1e-10,0.415591847718,32,36,I,P
TKSDYWYNWVGSYYGMDYWG,-8.045,-4.19088235294,0.154580076436,0.140111562792,0.0359379305664,-21.7326816686,0.0149999999995,-3.045,-18.473506639,386892420.568,5.23429452045,3.86911764706,0.809117647059,1e-10,0.154580076436,29,34,K,Y
TFSDNWMNWGGSYYGMDYWG,-7.835,-3.11463235294,0.446459080242,0.25948265848,-1.30026969811,-7.31575158529,-0.92625,-2.76,-9.14111900585,50.5882352267,4.45422262802,3.79411764706,1.96036764706,0.0750000000999,0.440114428661,32,37,N,G
TFSDYWNHWVGSYYGMDYWG,-7.4375,-2.15838235294,0.44859781552,1.3125000001,-1.85714285695,-0.956893909374,-2.4375,-1.41,-3.80601518274,6.33444379073,386892420.568,2.84161764706,3.86911764706,0.44859781552,1e-10,34,35,N,H
TFSDYWMWWGGSYYGMDYWG,-6.905,-3.03963235294,0.440114428661,0.958152519274,0.00321776328905,-1.98820121179,0.00375000000033,-1.905,-3.66594444077,386892420.568,4.45422262802,3.86911764706,1.96036764706,1e-10,0.440114428661,35,37,W,G
TFSDPCMNWVGSYYGMDYWG,-5.57,-1.13088235294,1.41421356237e-10,0.318816169702,-1.78786414833,-1.78786414833,-0.57,-0.57,-13.9237531497,386892420.568,386892420.568,3.86911764706,3.86911764706,1e-10,1e-10,32,33,P,C
TFSDNWENWVGSYYGMDYWG,-7.9925,-1.20588235294,0.0750000000999,0.795176867218,-3.76331370181,-3.469022501,-2.9925,-2.9175,-8.49701614376,50.5882352267,386892420.568,3.79411764706,3.86911764706,0.0750000000999,1e-10,32,34,N,E
TSSDYWMYWVGSYYGMDYWG,-6.245,-3.54963235294,0.153416065004,0.622228856711,-2.00087152245,1.59640722305,-1.245,1.17375,-4.20584138103,9.45381858818,386892420.568,1.45036764706,3.86911764706,0.153416065004,1e-10,29,35,S,Y
TFSCYKMNWVGSYYGMDYWG,-6.45875,-2.85963235294,0.583683615169,0.798278029673,-1.82737084783,0.24435325448,-1.45875,0.27,-3.63949550113,3.66699970915,386892420.568,2.14036764706,3.86911764706,0.583683615169,1e-10,31,33,C,K
TFSDYMMNWEGSYYGMDYWG,-6.89,-1.41588235294,0.2850000001,1.01732185183,-1.39700295489,-1.85781913218,-1.605,-1.89,-5.18142477293,386892420.568,12.5758513888,3.86911764706,3.58411764706,1e-10,0.2850000001,33,37,M,E
TFSDYWMNWVGSIWGMDYWG,-8.93,-6.22588235294,0.318855374868,0.1050000001,-4.08220290384,-1.40928758218,-2.2725,-0.492500000001,-8.05518773924,3.88486233676,7.39986052433,0.431617647059,2.21161764706,0.111102430317,0.298872882778,102,103,I,W
TFSDYWMNWVGSYYGSSYWG,-5.165,-4.62838235294,0.0678720683392,0.0975000001,11.980101968,-1.69230768167,3.3325,-0.165,-4.51707514891,386892420.568,5.47526627893,3.86911764706,0.371617647059,1e-10,0.0678720683392,105,106,S,S
TFSDYWMNWVGSYCHMDYWG,-5.5775,-4.02963235294,0.447722361056,0.304743744909,-1.89503479345,3.15709366345,-0.5775,2.32125,-2.85798521082,2.16734237881,386892420.568,0.970367647059,3.86911764706,0.447722361056,1e-10,103,104,C,H
TFSDYWMNWVGSYYYMDYWR,-7.3925,-1.26838235294,0.1375000001,1.30683061269,-1.6600161752,-1.83076519382,-2.255,-2.3925,-4.66051069121,386892420.568,27.1390374134,3.86911764706,3.73161764706,1e-10,0.1375000001,104,109,Y,R
TFSDYWMNWVGSYYFMDYRG,-7.4,-1.27088235294,0.110460267111,1.30766968316,-1.67501166871,-1.83532587077,-2.26,-2.4,-4.67042045489,386892420.568,33.7598101523,3.86911764706,3.72911764706,1e-10,0.110460267111,104,108,F,R
TFSDYWMNWVGGYYGMAYWG,-7.3175,-1.81338235294,0.199010335601,0.136862157032,-3.5038625914,-16.9330956349,-1.635,-2.3175,-22.7886202192,386892420.568,16.0123223622,3.86911764706,3.18661764706,1e-10,0.199010335601,101,106,G,A
TFSDYWMNWVGSTWGMDYWG,-8.03,-5.64025735294,0.346244205454,0.301122898598,-2.19903392288,-0.345701562186,-1.3725,-0.178125,-5.20790611718,5.81898892821,7.39986052433,1.01724264706,2.21161764706,0.174814329364,0.298872882778,102,103,T,W
TYSDRWMNWVGSYYGMDYWG,-5.0,-7.22088235294,0.220165713123,1e-10,-4.41246007283,-13.54518787,1.9725,4.1175,10.0873215972,2.6879648623,-9.4908987554,-0.248382352941,1.89661764706,0.0924053570877,0.199835410317,29,32,Y,R
TFSDYWMNWVGSYYGMNYIG,-7.94,-9.32463235294,0.159416906395,0.191507180122,-4.05965092609,-2.10126123803,1.455,0.85875,5.55684159016,-0.539849055207,5.72985877589,0.0703676470587,-0.525882352941,0.130346893043,0.0917792869789,106,108,N,I
TFSDYWMNWVGSYYGMSYVG,-5.9,-9.08525735294,0.0705027989025,0.452990066216,-7.51058596876,-4.97069271588,3.556875,2.5975,6.94797902432,-5.47526627893,30.8057138589,0.371617647059,-0.587757352941,0.0678720683392,0.0190794914097,106,108,S,V
TFSDYWMNWVCAYYGMDYWG,-8.135,-8.99650735294,0.0903384971072,0.117871752441,-3.49549637416,-2.19868583741,0.999375,0.59625,5.80106170269,-2.31137725149,3.90963326238,0.137867647058,-0.265257352941,0.0596474015522,0.067847118934,100,101,C,A
TFSDYWMNWVGSYYGKDTWG,-6.26,-8.33463235294,0.195789703531,0.762016240085,-3.42769875863,-2.13376337356,2.8425,1.84125,2.63690810122,-4.68359475314,2.18061544427,0.767867647059,-0.233382352941,0.163948353248,0.107025910302,105,107,K,T
